"";"orgao";"acao_longa";"tipo_variacao";"ploa2021";"ploa2020";"variacao";"valor"
"1";"01000 - CAMARA DOS DEPUTADOS";"0531 - Compensação Financeira entre Entidades de Previdência Federal, Estadual e Municipal";"Reduções";225123;450246;-225123;1
"2";"01000 - CAMARA DOS DEPUTADOS";"0Z00 - Reserva de Contingência - Financeira";"Reduções";777275;2735199;-1957924;2,51895918432987
"3";"01000 - CAMARA DOS DEPUTADOS";"219I - Publicidade Institucional e de Utilidade Pública";"Aumentos";5e+06;2500000;2500000;1
"4";"03000 - TRIBUNAL DE CONTAS DA UNIAO";"0Z00 - Reserva de Contingência - Financeira";"Reduções";333118;938609;-605491;1,81764720009126
"5";"11000 - SUPERIOR TRIBUNAL DE JUSTICA";"14PU - Construção do Bloco G da Sede do STJ";"Reduções";5e+05;8100000;-7600000;15,2
"6";"11000 - SUPERIOR TRIBUNAL DE JUSTICA";"15SY - Construção do Edifício-Sede da ECORP";"Reduções";5e+05;3600000;-3100000;6,2
"7";"12000 - JUSTICA FEDERAL";"12RE - Construção do Edifício-Sede II Da Seção Judiciária em Goiânia - GO";"Reduções";710254;2e+06;-1289746;1,81589403227578
"8";"12000 - JUSTICA FEDERAL";"12S9 - Reforma do Fórum Federal Criminal e Previdenciário de São Paulo - SP";"Aumentos";2e+06;1e+06;1e+06;1
"9";"12000 - JUSTICA FEDERAL";"12SK - Reforma do Edifício-Sede da Seção Judiciária em Maceió - AL";"Aumentos";742000;200067;541933;2,70875756621532
"10";"12000 - JUSTICA FEDERAL";"12SN - Reforma do Edifício-Sede da Justiça Federal em Arapiraca - AL";"Aumentos";250000;77383;172617;2,23068374190714
"11";"12000 - JUSTICA FEDERAL";"13FR - Reforma do Fórum Federal de Ribeirão Preto - SP";"Aumentos";1450000;550000;9e+05;1,63636363636364
"12";"12000 - JUSTICA FEDERAL";"14YL - Reforma do Complexo de Imóveis da Seção Judiciária de Salvador - BA";"Aumentos";2e+06;5e+05;1500000;3
"13";"12000 - JUSTICA FEDERAL";"14YO - Reforma da Sede Administrativa da Justiça Federal de São Paulo - SP";"Aumentos";507000;85000;422000;4,96470588235294
"14";"12000 - JUSTICA FEDERAL";"153C - Construção de Galpão para Arquivo e Depósito Judicial para a Justiça Federal em Brasília";"Reduções";572538;1060000;-487462;0,851405496229071
"15";"12000 - JUSTICA FEDERAL";"158C - Reforma do Edifício-Sede I da Justiça Federal no Distrito Federal - DF";"Aumentos";1308793;5e+05;808793;1,617586
"16";"12000 - JUSTICA FEDERAL";"158N - Reforma do Edifício-Sede da Seção Judiciária em Aracaju - SE";"Aumentos";1e+06;5e+05;5e+05;1
"17";"12000 - JUSTICA FEDERAL";"158O - Reforma do Edifício-Sede da Justiça Federal em Recife - PE";"Reduções";406124;1e+06;-593876;1,46230215402192
"18";"12000 - JUSTICA FEDERAL";"158T - Reforma do Juizado Especial Federal de São Paulo - SP - 2ª ETAPA";"Aumentos";1108542;5e+05;608542;1,217084
"19";"12000 - JUSTICA FEDERAL";"15NX - Reforma do Fórum Federal de Santos - SP";"Reduções";5e+05;1e+06;-5e+05;1
"20";"12000 - JUSTICA FEDERAL";"15PH - Reforma do Edifício-Sede da Justiça Federal em Teresina - PI";"Reduções";1114731;2805329;-1690598;1,51659727772889
"21";"12000 - JUSTICA FEDERAL";"15QA - Reforma do Fórum Federal de Barueri - SP";"Aumentos";1009596;2e+05;809596;4,04798
"22";"12000 - JUSTICA FEDERAL";"15R9 - Reforma do Edifício-Sede da Seção Judiciária em Porto Velho - RO";"Aumentos";2456494;1e+06;1456494;1,456494
"23";"12000 - JUSTICA FEDERAL";"15S7 - Reforma do Edifício-Sede da Subseção Judiciária de São João Del Rei - MG";"Aumentos";3971600;2e+06;1971600;0,9858
"24";"12000 - JUSTICA FEDERAL";"15S8 - Implantação de Sistema de Energia Solar na Justiça Federal da 1ª Região";"Aumentos";2540036;1e+06;1540036;1,540036
"25";"12000 - JUSTICA FEDERAL";"15T9 - Reforma do Fórum Marilena Franco no Rio de Janeiro - RJ";"Aumentos";6e+06;1488375;4511625;3,03124212648022
"26";"12000 - JUSTICA FEDERAL";"7V68 - Reforma do Edifício-Sede da Seção Judiciária em Natal - RN";"Reduções";250000;3070000;-2820000;11,28
"27";"13000 - JUSTICA MILITAR";"7808 - Construção de Edifício-Sede do Superior Tribunal Militar";"Reduções";5e+05;1e+06;-5e+05;1
"28";"15000 - JUSTICA DO TRABALHO";"0536 - Benefícios de Legislação Especial";"Aumentos";12454903;395250;12059653;30,5114560404807
"29";"15000 - JUSTICA DO TRABALHO";"0Z00 - Reserva de Contingência - Financeira";"Aumentos";16589270;711880;15877390;22,3034640669776
"30";"15000 - JUSTICA DO TRABALHO";"0Z01 - Reserva de Contingência Fiscal - Primária";"Aumentos";127029496;7294224;119735272;16,4150802059273
"31";"15000 - JUSTICA DO TRABALHO";"134D - Construção do Edifício-Sede do Fórum Trabalhista de Novo Hamburgo - RS";"Reduções";1e+05;3e+05;-2e+05;2
"32";"15000 - JUSTICA DO TRABALHO";"1B51 - Construção do Edifício-Sede do Tribunal Regional do Trabalho da 17ª Região em Vitória - ES";"Aumentos";2,6e+07;2e+06;2,4e+07;12
"33";"15000 - JUSTICA DO TRABALHO";"219I - Publicidade Institucional e de Utilidade Pública";"Aumentos";29953911;15755368;14198543;0,901187646013727
"34";"15000 - JUSTICA DO TRABALHO";"2C73 - Manutenção do Sistema Integrado de Gestão da Informação Jurisdicional na Justiça do Trabalho (E-Jus)";"Aumentos";23762688;7117286;16645402;2,33872883568259
"35";"16000 - JUSTICA DO DISTRITO FEDERAL E DOS TERRITORIOS";"13ZW - Construção do Complexo de Armazenamento do TJDFT";"Aumentos";1321000;4e+05;921000;2,3025
"36";"16000 - JUSTICA DO DISTRITO FEDERAL E DOS TERRITORIOS";"3751 - Implantação de Juizados Especiais Cíveis e Criminais";"Reduções";50000;1e+05;-50000;1
"37";"16000 - JUSTICA DO DISTRITO FEDERAL E DOS TERRITORIOS";"7V65 - Construção da Sede do Sistema de Justiça da Infância e da Juventude em Brasília - DF";"Reduções";50000;1e+05;-50000;1
"38";"20000 - Presidência da República";"00OQ - Contribuições a Organismos Internacionais sem Exigência de Programação Específica";"Aumentos";420000;230000;190000;0,826086956521739
"39";"20000 - Presidência da República";"0Z00 - Reserva de Contingência - Financeira";"Reduções";42387546;152048900;-109661354;2,58711259198633
"40";"20000 - Presidência da República";"2004 - Assistência Médica e Odontológica aos Servidores Civis, Empregados, Militares e seus Dependentes";"Reduções";10331753;35520556;-25188803;2,4379989533238
"41";"20000 - Presidência da República";"212B - Benefícios Obrigatórios aos Servidores Civis, Empregados, Militares e seus Dependentes";"Reduções";28798880;55769559;-26970679;0,936518329879495
"42";"20000 - Presidência da República";"21AN - Coordenação , Elaboração e Proposições para Modernização do Estado";"Aumentos";3e+06;1e+06;2e+06;2
"43";"20000 - Presidência da República";"21AP - Apoio à Implementação da Política Nacional de Segurança da Informação";"Aumentos";1680000;5e+05;1180000;2,36
"44";"20000 - Presidência da República";"2B27 - Proteção e Desenvolvimento do Programa Nuclear Brasileiro";"Aumentos";1280000;660000;620000;0,939393939393939
"45";"20000 - Presidência da República";"6662 - Assessoramento no Planejamento Nacional e na Formulação de Políticas Públicas de Longo Prazo";"Aumentos";1945208;1e+06;945208;0,945208
"46";"22000 - Ministério da Agricultura, Pecuária e Abastecimento";"0061 - Concessão de Crédito para Aquisição de Imóveis Rurais - BANCO DA TERRA";"Reduções";78823333;169008042;-90184709;1,14413721886132
"47";"22000 - Ministério da Agricultura, Pecuária e Abastecimento";"0080 - Concessão de Subvenção Econômica ao Preço do Óleo Diesel Consumido por Embarcações Pesqueiras";"Reduções";1300000;4500021;-3200021;2,46155461538462
"48";"22000 - Ministério da Agricultura, Pecuária e Abastecimento";"00PN - Participação do Brasil, como País não Membro, em Atividades de Cooperação Econômica junto à Organização para Cooperação e Desenvolvimento Econômico - OCDE";"Reduções";99999;590000;-490001;4,90005900059001
"49";"22000 - Ministério da Agricultura, Pecuária e Abastecimento";"0427 - Concessão de Crédito-Instalação aos Assentados - Recuperação";"Reduções";16216355;267714561;-251498206;15,5089233061314
"50";"22000 - Ministério da Agricultura, Pecuária e Abastecimento";"0A27 - Equalização de Juros nos Financiamentos ao Agronegócio Café (Lei 8.427, de 1992)";"Reduções";2e+07;156372708;-136372708;6,8186354
"51";"22000 - Ministério da Agricultura, Pecuária e Abastecimento";"147S - Ampliação da Rede Nacional de Monitoramento Meteorológico";"Reduções";213994;5e+05;-286006;1,33651410787218
"52";"22000 - Ministério da Agricultura, Pecuária e Abastecimento";"20Y1 - Desenvolvimento da Cadeia Produtiva Pesqueira";"Aumentos";2639999;1109000;1530999;1,38052209197475
"53";"22000 - Ministério da Agricultura, Pecuária e Abastecimento";"20Y2 - Fiscalização e Monitoramento para a Sustentabilidade dos Recursos Pesqueiros e Aquícolas";"Aumentos";2639643;1275594;1364049;1,06934416436578
"54";"22000 - Ministério da Agricultura, Pecuária e Abastecimento";"20ZS - Desenvolvimento da Agroenergia";"Reduções";4999;25000;-20001;4,00100020004001
"55";"22000 - Ministério da Agricultura, Pecuária e Abastecimento";"20ZU - Redução de Riscos na Atividade Agropecuária";"Aumentos";2255000;1000205;1254795;1,25453781974695
"56";"22000 - Ministério da Agricultura, Pecuária e Abastecimento";"20ZV - Fomento ao Setor Agropecuário";"Reduções";5059994;10260705;-5200711;1,02780971677041
"57";"22000 - Ministério da Agricultura, Pecuária e Abastecimento";"210R - Assistência Social e Pacificação no Campo";"Reduções";84802;478946;-394144;4,64781491002571
"58";"22000 - Ministério da Agricultura, Pecuária e Abastecimento";"210Z - Reconhecimento e Indenização de Territórios Quilombolas";"Reduções";329865;2942132;-2612267;7,91920027890198
"59";"22000 - Ministério da Agricultura, Pecuária e Abastecimento";"211B - Aquisição de Terras";"Reduções";668701;12292327;-11623626;17,3823966167241
"60";"22000 - Ministério da Agricultura, Pecuária e Abastecimento";"211C - Reforma Agrária e Regularização Fundiária";"Reduções";3554420;11005323;-7450903;2,09623595410784
"61";"22000 - Ministério da Agricultura, Pecuária e Abastecimento";"214Y - Fortalecimento do Sistema Unificado de Atenção à Sanidade Agropecuária - SUASA";"Aumentos";17408652;5072000;12336652;2,43230520504732
"62";"22000 - Ministério da Agricultura, Pecuária e Abastecimento";"214Z - Fomento à Tecnologia Agropecuária e aos Recursos Genéticos";"Aumentos";788985;211187;577798;2,73595439113203
"63";"22000 - Ministério da Agricultura, Pecuária e Abastecimento";"21B6 - Assistência Técnica e Extensão Rural";"Reduções";31102630;59211816;-28109186;0,903755920319278
"64";"22000 - Ministério da Agricultura, Pecuária e Abastecimento";"21B9 - Promoção e Fortalecimento da Comercialização e Acesso aos Mercados";"Reduções";9542922;18664082;-9121160;0,955803683609695
"65";"22000 - Ministério da Agricultura, Pecuária e Abastecimento";"4641 - Publicidade de Utilidade Pública";"Reduções";1522999;4568234;-3045235;1,99949901477283
"66";"22000 - Ministério da Agricultura, Pecuária e Abastecimento";"8593 - Apoio ao Desenvolvimento da Produção Agropecuária Sustentável";"Aumentos";1175489;463241;712248;1,53753229960215
"67";"24000 - Ministério da Ciência, Tecnologia, Inovações e Comunicações";"0005 - Cumprimento de Sentença Judicial Transitada em Julgado (Precatórios)";"Reduções";21937685;77961289;-56023604;2,55376098252847
"68";"24000 - Ministério da Ciência, Tecnologia, Inovações e Comunicações";"0022 - Cumprimento de Sentença Judicial Transitada em Julgado Devida por Empresas Públicas e Sociedades de Economia Mista";"Reduções";2587017;28901804;-26314787;10,1718647384227
"69";"24000 - Ministério da Ciência, Tecnologia, Inovações e Comunicações";"00NQ - Contribuição à Associação para Promoção da Excelência do Software Brasileiro - SOFTEX";"Reduções";9e+05;2e+06;-1100000;1,22222222222222
"70";"24000 - Ministério da Ciência, Tecnologia, Inovações e Comunicações";"00RL - Formação e Expansão da Capacitação de Pessoal Qualificado em Atividades de Pesquisa Tecnológica, Empreendedorismo e Inovação";"Reduções";2,5e+07;5e+07;-2,5e+07;1
"71";"24000 - Ministério da Ciência, Tecnologia, Inovações e Comunicações";"0745 - Estímulo às Empresas de Base Tecnológica mediante Participação no Capital";"Aumentos";2220000;50000;2170000;43,4
"72";"24000 - Ministério da Ciência, Tecnologia, Inovações e Comunicações";"13CN - Implantação do Laboratório de Fusão Nuclear";"Reduções";47181;1e+05;-52819;1,11949725525105
"73";"24000 - Ministério da Ciência, Tecnologia, Inovações e Comunicações";"154L - Implementação do Plano de Absorção e Transferência de Tecnologia no Âmbito do Satélite Geoestacionário de Defesa e Comunicações Estratégicas - SGDC";"Reduções";2e+05;6e+06;-5800000;29
"74";"24000 - Ministério da Ciência, Tecnologia, Inovações e Comunicações";"15P6 - Ampliação e Modernização da Infraestrutura para o Estudo da Biodiversidade, Inovação Tecnológica e Sustentabilidade dos Ecossistemas Amazônicos frente às Mudanças Globais";"Reduções";1688225;4654725;-2966500;1,75717099320292
"75";"24000 - Ministério da Ciência, Tecnologia, Inovações e Comunicações";"2119 - Fomento à Pesquisa e à Inovação Tecnológica para o Setor Mineral - CT- MINERAL";"Reduções";20000;50000;-30000;1,5
"76";"24000 - Ministério da Ciência, Tecnologia, Inovações e Comunicações";"2189 - Fomento à Pesquisa e à Inovação Tecnológica para o Setor de Energia Elétrica - CT-ENERG";"Reduções";20000;50000;-30000;1,5
"77";"24000 - Ministério da Ciência, Tecnologia, Inovações e Comunicações";"2191 - Fomento à Pesquisa Científica e ao Desenvolvimento Tecnológico do Setor Produtivo na Área de Transportes Terrestres e Hidroviários";"Reduções";20000;50000;-30000;1,5
"78";"24000 - Ministério da Ciência, Tecnologia, Inovações e Comunicações";"21AH - Governança e Regulação de Atividades Espaciais";"Aumentos";2680000;312000;2368000;7,58974358974359
"79";"24000 - Ministério da Ciência, Tecnologia, Inovações e Comunicações";"2223 - Fomento à Pesquisa e à Inovação Tecnológica para o Setor de Recursos Hídricos - CT- HIDRO";"Aumentos";140000;50000;90000;1,8
"80";"24000 - Ministério da Ciência, Tecnologia, Inovações e Comunicações";"2357 - Fomento à Pesquisa Científica e ao Desenvolvimento Tecnológico Aplicados à Área Espacial";"Reduções";20000;50000;-30000;1,5
"81";"24000 - Ministério da Ciência, Tecnologia, Inovações e Comunicações";"2997 - Fomento à Pesquisa e à Inovação Tecnológica para o Setor de Saúde - CT-SAÚDE";"Aumentos";2420000;50000;2370000;47,4
"82";"24000 - Ministério da Ciência, Tecnologia, Inovações e Comunicações";"4031 - Fomento à Pesquisa e à Inovação Tecnológica para o Setor de Biotecnologia - CT-BIOTECNOLOGIA";"Reduções";20000;50000;-30000;1,5
"83";"24000 - Ministério da Ciência, Tecnologia, Inovações e Comunicações";"4043 - Fomento à Pesquisa e à Inovação Tecnológica para o Setor do Agronegócio - CT-AGRONEGÓCIO";"Aumentos";1230000;50000;1180000;23,6
"84";"24000 - Ministério da Ciência, Tecnologia, Inovações e Comunicações";"4053 - Fomento à Pesquisa e à Inovação Tecnológica do Setor Aeronaútico - CT-AERONÁUTICO";"Reduções";20000;6e+05;-580000;29
"85";"24000 - Ministério da Ciência, Tecnologia, Inovações e Comunicações";"4148 - Apoio a Entidades para Promoção de Eventos Científicos e Tecnológicos";"Aumentos";5e+06;50000;4950000;99
"86";"24000 - Ministério da Ciência, Tecnologia, Inovações e Comunicações";"4156 - Fomento à Pesquisa e à Inovação Tecnológica para Setor de Petróleo e Gás Natural";"Aumentos";1360000;245000;1115000;4,55102040816327
"87";"24000 - Ministério da Ciência, Tecnologia, Inovações e Comunicações";"4185 - Fomento à Pesquisa e à Inovação Tecnológica para o Setor de Tecnologia da Informação";"Reduções";20000;50000;-30000;1,5
"88";"24000 - Ministério da Ciência, Tecnologia, Inovações e Comunicações";"4210 - Coordenação e Supervisão do Segmento de Ciência e Tecnologia";"Aumentos";24246802;7745193;16501609;2,13056136883871
"89";"24000 - Ministério da Ciência, Tecnologia, Inovações e Comunicações";"4947 - Fomento a Projetos Institucionais de Ciência e Tecnologia";"Reduções";18420000;68966320;-50546320;2,74409989142237
"90";"24000 - Ministério da Ciência, Tecnologia, Inovações e Comunicações";"4949 - Fomento a Projetos Institucionais para Pesquisa na Região Amazônica";"Reduções";20000;50000;-30000;1,5
"91";"24000 - Ministério da Ciência, Tecnologia, Inovações e Comunicações";"8563 - Fomento a Projetos Institucionais para Pesquisa no Setor de Transporte Aquaviário e Construção Naval";"Aumentos";220000;50000;170000;3,4
"92";"25000 - Ministério da Economia";"0007 - Contribuição À Agência Internacional de Pesos e Medidas - Bipm";"Aumentos";3220000;1000001;2219999;2,21999678000322
"93";"25000 - Ministério da Economia";"000K - Equalização de Taxas de Juros nas Operações de Financiamento Destinadas à Aquisição e Produção de Bens de Capital e à Inovação Tecnológica (MP no 465, de 2009)";"Reduções";935552337;1675482578;-739930241;0,790902028391812
"94";"25000 - Ministério da Economia";"0011 - Contribuição ao Fundo Global para o Meio Ambiente - GEF (ME)";"Aumentos";8880000;1000001;7879999;7,87999112000888
"95";"25000 - Ministério da Economia";"0017 - Contribuição À Organização Internacional do Café - Oic";"Aumentos";2042000;1000001;1041999;1,04199795800204
"96";"25000 - Ministério da Economia";"0023 - Cobertura do Resíduo Resultante de Contratos Firmados com o Sistema Financeiro da Habitação";"Reduções";225727429;763985975;-538258546;2,38455090896375
"97";"25000 - Ministério da Economia";"0057 - Contribuição à Organização dos Estados Ibero-Americanos para a Educação, a Ciência e a Cultura - OEI";"Aumentos";5138000;1000001;4137999;4,13799486200514
"98";"25000 - Ministério da Economia";"0069 - Contribuição ao Centro Pan-Americano de Febre Aftosa";"Aumentos";11664000;1000001;10663999;10,6639883360117
"99";"25000 - Ministério da Economia";"0070 - Contribuição ao Instituto Interamericano de Cooperação para a Agricultura - IICA";"Aumentos";8880000;1000001;7879999;7,87999112000888
"100";"25000 - Ministério da Economia";"0074 - Contribuição À Organização das Nações Unidas para a Alimentação e Agricultura - Fao";"Aumentos";8880000;1000001;7879999;7,87999112000888
"101";"25000 - Ministério da Economia";"0087 - Contribuição À União Postal Universal - Upu";"Aumentos";2697000;1000001;1696999;1,6969973030027
"102";"25000 - Ministério da Economia";"0089 - Contribuição À União Internacional de Telecomunicações - Uit";"Aumentos";5303000;1000001;4302999;4,3029946970053
"103";"25000 - Ministério da Economia";"009B - Contribuição ao Fundo para a Convergência Estrutural do Mercosul - FOCEM (MRE)";"Aumentos";2e+06;1000001;999999;0,999998000002
"104";"25000 - Ministério da Economia";"009J - Equalização de Juros nos Financiamentos destinados à Reestruturação Produtiva e às Exportações (Lei n° 11.529, de 2007)";"Reduções";250000;1200000;-950000;3,8
"105";"25000 - Ministério da Economia";"00B7 - Contribuição à Organização dos Estados Americanos - OEA (MRE)";"Aumentos";4e+07;1000001;38999999;38,99996000004
"106";"25000 - Ministério da Economia";"00BA - Contribuição à Organização das Nações Unidas para a Educação, a Ciência e a Cultura - UNESCO (MRE)";"Aumentos";8880000;1000001;7879999;7,87999112000888
"107";"25000 - Ministério da Economia";"00BC - Contribuição à Agência Brasileiro-Argentina de Contabilidade e Controle de Materiais Nucleares - ABACC (MRE)";"Aumentos";8880000;1000001;7879999;7,87999112000888
"108";"25000 - Ministério da Economia";"00BG - Contribuição à Comissão Preparatória da Organização do Tratado de Proibição Completa de Testes Nucleares - CTBTO (MRE)";"Aumentos";8880000;1000001;7879999;7,87999112000888
"109";"25000 - Ministério da Economia";"00BU - Contribuição ao Tribunal Internacional do Direito do Mar - TIDM (MRE)";"Aumentos";3121000;1000001;2120999;2,12099687900312
"110";"25000 - Ministério da Economia";"00DN - Contribuição ao Centro Sul - CS (MRE)";"Reduções";280000;1000001;-720001;2,57143214285714
"111";"25000 - Ministério da Economia";"00E8 - Contribuição à Organização Internacional para as Migrações - OIM (MJSP)";"Aumentos";2e+06;1000001;999999;0,999998000002
"112";"25000 - Ministério da Economia";"00GT - Contribuição ao Parlamento do Mercosul - PARLASUL (MRE)";"Aumentos";5302000;1000001;4301999;4,3019946980053
"113";"25000 - Ministério da Economia";"00IO - Inventariança do Fundo Nacional de Desenvolvimento - FND (Extinto pela Lei nº 12.431, de 2011)";"Aumentos";700013696;30000;699983696;23332,7898666667
"114";"25000 - Ministério da Economia";"00LI - Compensação ao Fundo do Regime Geral de Previdência Social - FRGPS (Lei nº 12.546, de 2011)";"Reduções";3704920334;10269031741;-6564111407;1,77172808461257
"115";"25000 - Ministério da Economia";"00LS - Contribuição Voluntária à Convenção-Quadro sobre Controle do Uso do Tabaco - CQCT FCTC (MS)";"Aumentos";2206000;1000001;1205999;1,20599779400221
"116";"25000 - Ministério da Economia";"00OP - Integralização de Cotas de Capital em Organismos Financeiros Internacionais";"Aumentos";1,218e+09;6e+06;1,212e+09;202
"117";"25000 - Ministério da Economia";"00OQ - Contribuições a Organismos Internacionais sem Exigência de Programação Específica";"Aumentos";31831730;5558167;26273563;4,72701935728092
"118";"25000 - Ministério da Economia";"00QY - Acordos referentes a passivos atuariais de estatais dependentes";"Aumentos";451371666;159999000;291372666;1,8210905443159
"119";"25000 - Ministério da Economia";"0113 - Contribuição À International Atomic Energy Agency";"Aumentos";8880000;1000001;7879999;7,87999112000888
"120";"25000 - Ministério da Economia";"0128 - Contribuição à Organização das Nações Unidas - ONU (MRE)";"Aumentos";644274402;3000003;641274399;213,757919242081
"121";"25000 - Ministério da Economia";"0146 - Contribuição ao Fundo do Patrimônio Mundial";"Reduções";508000;1000001;-492001;0,968505905511811
"122";"25000 - Ministério da Economia";"0186 - Contribuição À Organização de Aviação Civil Internacional - Oaci";"Aumentos";7067000;1000001;6066999;6,06699293300707
"123";"25000 - Ministério da Economia";"0190 - Contribuição à Convenção-Quadro das Nações Unidas sobre Mudança do Clima - UNFCCC (MCTI)";"Aumentos";3366000;1000001;2365999;2,36599663400337
"124";"25000 - Ministério da Economia";"0218 - Contribuição À Organização Pan-americana de Saúde - Opas";"Aumentos";8880000;1000001;7879999;7,87999112000888
"125";"25000 - Ministério da Economia";"0221 - Contribuição à Organização Mundial de Saúde - OMS";"Aumentos";8880000;1000001;7879999;7,87999112000888
"126";"25000 - Ministério da Economia";"0243 - Dívida Pública Mobiliária Federal Externa Decorrente da Emissão e Colocação de Títulos do Tesouro Nacional no Exterior";"Aumentos";57037053651;20287564195;36749489456;1,81142936149314
"127";"25000 - Ministério da Economia";"0344 - Contribuição à Organização Mundial das Aduanas - OMA";"Aumentos";2040000;1000001;1039999;1,03999796000204
"128";"25000 - Ministério da Economia";"0420 - Contribuição À Organização Mundial de Meteorologia - Omm";"Aumentos";8880000;1000001;7879999;7,87999112000888
"129";"25000 - Ministério da Economia";"0461 - Concessão de Empréstimos para Liquidação de Sociedades Seguradoras, de Capitalização e Entidades de Previdência Complementar Aberta (Lei nº 10.190, de 2001 - Art. 3)";"Reduções";1379622;3719088;-2339466;1,69572969987431
"130";"25000 - Ministério da Economia";"0483 - Contribuição à Convenção sobre a Diversidade Biológica - CDB";"Aumentos";3097000;1000001;2096999;2,0969969030031
"131";"25000 - Ministério da Economia";"0539 - Contribuição ao Fundo Multilateral de Investimentos - FUMIN (MPOG)";"Aumentos";8851000;1000001;7850999;7,85099114900885
"132";"25000 - Ministério da Economia";"0541 - Contribuição ao Fundo Africano de Desenvolvimento - FAD (MP)";"Aumentos";5900000;1000001;4899999;4,8999941000059
"133";"25000 - Ministério da Economia";"0543 - Contribuição ao Fundo Internacional para o Desenvolvimento Agrícola - FIDA (MP)";"Aumentos";8880000;1000001;7879999;7,87999112000888
"134";"25000 - Ministério da Economia";"0643 - Complemento da Atualização Monetária dos Recursos do Fundo de Garantia do Tempo de Serviço - FGTS  (Lei Complementar nº 110, de 2001)";"Aumentos";67672768;35811581;31861187;0,889689483410409
"135";"25000 - Ministério da Economia";"0867 - Contribuição à Secretaria do Mercado Comum do Sul - MERCOSUL (MRE)";"Aumentos";3158000;1000001;2157999;2,15799684200316
"136";"25000 - Ministério da Economia";"0868 - Contribuição à Organização do Tratado de Cooperação Amazônica - OTCA";"Aumentos";3905000;1000001;2904999;2,9049960950039
"137";"25000 - Ministério da Economia";"0869 - Contribuição à Agência Internacional de Energia Atômica - AIEA";"Aumentos";8880000;1000001;7879999;7,87999112000888
"138";"25000 - Ministério da Economia";"0870 - Contribuição à Comunidade dos Países de Língua Portuguesa - CPLP";"Aumentos";3668000;1000001;2667999;2,66799633200367
"139";"25000 - Ministério da Economia";"0872 - Contribuição à Organização Mundial do Comércio - OMC";"Aumentos";8880000;1000001;7879999;7,87999112000888
"140";"25000 - Ministério da Economia";"0873 - Contribuição à Organização Internacional do Trabalho - OIT";"Aumentos";8880000;1000001;7879999;7,87999112000888
"141";"25000 - Ministério da Economia";"0B64 - Contribuição à Associação Latino-Americana de Integração - ALADI (MRE)";"Aumentos";3400000;1000001;2399999;2,3999966000034
"142";"25000 - Ministério da Economia";"0B66 - Contribuição à Secretaria Geral Ibero-Americana - SEGIB (MRE)";"Aumentos";3860000;1000001;2859999;2,85999614000386
"143";"25000 - Ministério da Economia";"0B73 - Contribuição à Organização das Nações Unidas para o Desenvolvimento Industrial - UNIDO (MRE)";"Aumentos";8880000;1000001;7879999;7,87999112000888
"144";"25000 - Ministério da Economia";"0B74 - Contribuição à Organização para a Proibição das Armas Químicas - OPAQ (MRE)";"Aumentos";8880000;1000001;7879999;7,87999112000888
"145";"25000 - Ministério da Economia";"0B75 - Contribuição ao Tribunal Penal Internacional - TPI";"Aumentos";55800000;1000001;54799999;54,7999442000558
"146";"25000 - Ministério da Economia";"0C01 - Pagamento de Valores Retroativos a Anistiados Políticos Civis nos termos da Lei nº 11.354, de 19/10/2006";"Reduções";3e+07;117599996;-87599996;2,91999986666667
"147";"25000 - Ministério da Economia";"0C39 - Contribuição à International Tropical Timber Organization - ITTO";"Aumentos";2069000;1000001;1068999;1,06899793100207
"148";"25000 - Ministério da Economia";"10M8 - Desenvolvimento do Novo Sistema de Gestão Integrada de Pessoas";"Reduções";6092870;12554348;-6461478;1,06049825451717
"149";"25000 - Ministério da Economia";"116V - Instalação de Unidades de Funcionamento do INSS";"Reduções";2e+05;792496;-592496;2,96248
"150";"25000 - Ministério da Economia";"148D - Desenvolvimento e implantação do novo Sistema de Controle de Atividades Financeiras - SISCOAF II";"Aumentos";7588123;2530000;5058123;1,9992581027668
"151";"25000 - Ministério da Economia";"152W - Adequação e Modernização dos Imóveis de Uso Especial da Administração Pública Federal";"Reduções";2127176;6e+06;-3872824;1,8206410753036
"152";"25000 - Ministério da Economia";"153V - Desenvolvimento do Portal Único de Comércio Exterior";"Reduções";2e+06;24311201;-22311201;11,1556005
"153";"25000 - Ministério da Economia";"153X - Construção de infraestrutura predial no Inmetro e nos órgãos que compõem a Rede Brasileira de Metrologia Legal e Qualidade - Inmetro";"Reduções";1200000;2400000;-1200000;1
"154";"25000 - Ministério da Economia";"15DM - Integração do Sistema de Informações Estatísticas e Geocientíficas Oficiais";"Reduções";278407;528105;-249698;0,896881184740326
"155";"25000 - Ministério da Economia";"15MV - Atualização da Cobertura e da Produção Estatística e Geocientífica";"Reduções";345152;629287;-284135;0,823217017430002
"156";"25000 - Ministério da Economia";"20GN - Educação Financeira e Previdenciária";"Reduções";1e+05;181061;-81061;0,81061
"157";"25000 - Ministério da Economia";"210D - Fomento à Inovação e às Tecnologias Inovadoras";"Reduções";2458451;11969399;-9510948;3,86867503155442
"158";"25000 - Ministério da Economia";"210J - Supervisão do Mercado de Valores Mobiliários";"Aumentos";15078008;2698608;12379400;4,58732798539099
"159";"25000 - Ministério da Economia";"211Y - Gestão e Aprimoramento dos Recursos de Tecnologia da Informação e Comunicação";"Reduções";6234377;27042903;-20808526;3,33770736033448
"160";"25000 - Ministério da Economia";"2237 - Auditoria e Fiscalização Tributária e Aduaneira";"Aumentos";40968457;23318412;17650045;0,756914536032728
"161";"25000 - Ministério da Economia";"2250 - Formação e Capacitação de Recursos Humanos na Área de Administração Financeira";"Aumentos";558000;250000;308000;1,232
"162";"25000 - Ministério da Economia";"2553 - Confecção, Distribuição e Emissão da Carteira de Trabalho e Previdência Social - CTPS";"Reduções";2498872;9435779;-6936907;2,77601533812056
"163";"25000 - Ministério da Economia";"8567 - Auxílios Pecuniários ao Pessoal Ativo Militar dos Extintos Territórios (Lei 10.486/2002, Art.65)";"Aumentos";27148870;6910992;20237878;2,92836079104129
"164";"25000 - Ministério da Economia";"8690 - Fiscalização e Controle do Uso de Imóveis da União";"Reduções";739700;2990382;-2250682;3,04269568744085
"165";"26000 - Ministério da Educação";"0625 - Cumprimento de Sentença Judicial Transitada em Julgado de Pequeno Valor";"Aumentos";15726715;757461;14969254;19,7624088896986
"166";"26000 - Ministério da Educação";"0E36 - Complementação da União ao Fundo de Manutenção e Desenvolvimento da Educação Básica e de Valorização dos Profissionais da Educação - FUNDEB";"Reduções";10000;16462104053;-16462094053;1646209,4053
"167";"26000 - Ministério da Educação";"12KU - Apoio à implantação de Escolas para Educação Infantil";"Aumentos";2,22e+08;1e+07;2,12e+08;21,2
"168";"26000 - Ministério da Educação";"152X - Ampliação e Reestruturação de Instituições Militares de Ensino Superior";"Reduções";1e+05;5e+06;-4900000;49
"169";"26000 - Ministério da Educação";"15R4 - Apoio à Expansão da Rede Federal de Educação Profissional, Científica e Tecnológica";"Reduções";99300000;1,8e+08;-80700000;0,812688821752266
"170";"26000 - Ministério da Educação";"20RI - Funcionamento das Instituições Federais de Educação Básica";"Reduções";54870717;124409594;-69538877;1,26732218571155
"171";"26000 - Ministério da Educação";"20RP - Apoio à Infraestrutura para a Educação Básica";"Reduções";9,8e+07;220150000;-122150000;1,24642857142857
"172";"26000 - Ministério da Educação";"20RX - Reestruturação e Modernização de Instituições Hospitalares Federais";"Aumentos";552250654;224651287;327599367;1,45825724559504
"173";"26000 - Ministério da Educação";"214V - Apoio à Alfabetização, à Educação de Jovens e Adultos e a Programas de Elevação de Escolaridade, Com Qualificação Profissional e Participação Cidadã";"Reduções";1366765;1,5e+07;-13633235;9,97482010440712
"174";"26000 - Ministério da Educação";"219V - Apoio ao Funcionamento das Instituições Federais de Educação Superior";"Reduções";38102617;1,1e+08;-71897383;1,88694081039106
"175";"26000 - Ministério da Educação";"21B5 - Avaliação da Educação Profissional e Tecnológica";"Reduções";1e+06;2800000;-1800000;1,8
"176";"29000 - DEFENSORIA PUBLICA DA UNIAO";"0Z01 - Reserva de Contingência Fiscal - Primária";"Reduções";979946;8313236;-7333290;7,48336132807318
"177";"29000 - DEFENSORIA PUBLICA DA UNIAO";"2004 - Assistência Médica e Odontológica aos Servidores Civis, Empregados, Militares e seus Dependentes";"Aumentos";12899081;4966568;7932513;1,59718199770948
"178";"29000 - DEFENSORIA PUBLICA DA UNIAO";"219I - Publicidade Institucional e de Utilidade Pública";"Aumentos";3425000;550000;2875000;5,22727272727273
"179";"30000 - Ministério da Justiça e Segurança Pública";"00OQ - Contribuições a Organismos Internacionais sem Exigência de Programação Específica";"Aumentos";242317;116638;125679;1,07751333184725
"180";"30000 - Ministério da Justiça e Segurança Pública";"00R3 - Racionalização e Modernização do Sistema Penal";"Aumentos";115000001;40579750;74420251;1,83392581275143
"181";"30000 - Ministério da Justiça e Segurança Pública";"0122 - Contribuição À Organização Internacional de Polícia Criminal - Interpol - França";"Aumentos";11427120;5300000;6127120;1,15606037735849
"182";"30000 - Ministério da Justiça e Segurança Pública";"154Z - Construção da Superintendência Regional da Polícia Federal no Estado do Pará - Plano Estratégico de Fronteiras";"Reduções";264212;6e+06;-5735788;21,7090366826639
"183";"30000 - Ministério da Justiça e Segurança Pública";"155H - Construção da Delegacia de Juiz de Fora";"Reduções";5e+05;5e+06;-4500000;9
"184";"30000 - Ministério da Justiça e Segurança Pública";"15OH - Construção da Penitenciária Federal em Charqueadas- RS";"Aumentos";8e+06;1e+06;7e+06;7
"185";"30000 - Ministério da Justiça e Segurança Pública";"20IE - Articulação de Política Pública sobre Drogas";"Reduções";4407949;2,9e+07;-24592051;5,57902348688699
"186";"30000 - Ministério da Justiça e Segurança Pública";"21BM - Desenvolvimento de Políticas de Segurança Pública, Prevenção e Enfrentamento à Criminalidade";"Reduções";1e+06;92900000;-91900000;91,9
"187";"30000 - Ministério da Justiça e Segurança Pública";"21BQ - Implementação de Políticas de Segurança Pública, Prevenção, e Enfrentamento à Criminalidade";"Aumentos";567212869;305543354;261669515;0,856407156543814
"188";"30000 - Ministério da Justiça e Segurança Pública";"21BR - Gestão de Ativos e Descapitalização do Crime";"Aumentos";58730185;1,1e+07;47730185;4,33910772727273
"189";"30000 - Ministério da Justiça e Segurança Pública";"6067 - Apoio a Projetos de Defesa dos Direitos Difusos";"Reduções";100182760;233527919;-133345159;1,33101901963971
"190";"32000 - Ministério de Minas e Energia";"13E4 - Projeto de Assistência Técnica aos Setores de Energia e Mineral - META";"Aumentos";1,5e+07;8e+06;7e+06;0,875
"191";"32000 - Ministério de Minas e Energia";"20I3 - Descomissionamento das Unidades Mínero-Industriais do Ciclo do Combustível Nuclear";"Reduções";5e+06;1e+07;-5e+06;1
"192";"32000 - Ministério de Minas e Energia";"20LA - Mapeamento Geológico-geotécnico em Municípios Críticos com Relação a Riscos Geológicos";"Aumentos";6e+06;3278549;2721451;0,830077878964139
"193";"32000 - Ministério de Minas e Energia";"20LC - Levantamento Geológico, Oceanográfico e Ambiental do Potencial Mineral do Espaço Marinho e Costeiro";"Aumentos";12600000;3278011;9321989;2,8437943008733
"194";"32000 - Ministério de Minas e Energia";"20LI - Estudos para o Planejamento do Setor Energético";"Aumentos";3374600;1761762;1612838;0,915468718249117
"195";"32000 - Ministério de Minas e Energia";"212H - Manutenção de Contrato de Gestão com Organizações Sociais (Lei nº 9.637, de 15 de maio de 1998)";"Aumentos";2327000;1229457;1097543;0,892705478922809
"196";"32000 - Ministério de Minas e Energia";"21BB - Pesquisa, Desenvolvimento e Inovação nas Geociências e Setor Mineral";"Aumentos";2e+06;163927;1836073;11,2005526850366
"197";"32000 - Ministério de Minas e Energia";"21BD - Estudos da indústria de biocombustíveis";"Aumentos";1081000;458000;623000;1,36026200873362
"198";"32000 - Ministério de Minas e Energia";"21BE - Fabricação de equipamentos destinados a indústria de petróleo e gás, offshore e outros";"Aumentos";44985951;8863976;36121975;4,07514359244655
"199";"32000 - Ministério de Minas e Energia";"2399 - Avaliação das Áreas de Concentração Mineral";"Aumentos";10100000;5663781;4436219;0,783261040636988
"200";"32000 - Ministério de Minas e Energia";"2B51 - Gestão da Informação Geológica";"Aumentos";8919000;4820005;4098995;0,850413018243757
"201";"32000 - Ministério de Minas e Energia";"4641 - Publicidade de Utilidade Pública";"Reduções";1e+05;3e+05;-2e+05;2
"202";"32265 - Agência Nacional do Petróleo, Gás Natural e Biocombustíveis - ANP";"0Z00 - Reserva de Contingência - Financeira";"Reduções";656910505;1346248006;-689337501;1,04936288239141
"203";"32265 - Agência Nacional do Petróleo, Gás Natural e Biocombustíveis - ANP";"4641 - Publicidade de Utilidade Pública";"Reduções";1e+05;5e+05;-4e+05;4
"204";"32266 - Agência Nacional de Energia Elétrica - ANEEL";"216H - Ajuda de Custo para Moradia ou Auxílio-Moradia a Agentes Públicos";"Aumentos";5e+05;250000;250000;1
"205";"32266 - Agência Nacional de Energia Elétrica - ANEEL";"4641 - Publicidade de Utilidade Pública";"Reduções";1e+05;1e+06;-9e+05;9
"206";"34000 - MINISTERIO PUBLICO DA UNIAO";"0Z00 - Reserva de Contingência - Financeira";"Aumentos";1892680;23124;1869556;80,8491610448019
"207";"34000 - MINISTERIO PUBLICO DA UNIAO";"0Z01 - Reserva de Contingência Fiscal - Primária";"Aumentos";21724878;1118728;20606150;18,4192672392217
"208";"34000 - MINISTERIO PUBLICO DA UNIAO";"110E - Construção do Edifício-Sede da Procuradoria da República em Boa Vista - RR";"Aumentos";2500000;5e+05;2e+06;4
"209";"34000 - MINISTERIO PUBLICO DA UNIAO";"11SD - Construção do Edifício-Sede da Procuradoria da República em Belém - PA";"Aumentos";7500000;3e+06;4500000;1,5
"210";"34000 - MINISTERIO PUBLICO DA UNIAO";"13C1 - Construção do Edifício-Sede da Promotoria de Justiça de Brazlândia";"Aumentos";7e+06;50000;6950000;139
"211";"34000 - MINISTERIO PUBLICO DA UNIAO";"15UA - Reformas dos Edifícios-Sede do Ministério Público Federal";"Reduções";1500000;5e+06;-3500000;2,33333333333333
"212";"34000 - MINISTERIO PUBLICO DA UNIAO";"15UB - Construção do Edifício-Sede da Procuradoria Regional do Trabalho em Brasília – DF";"Aumentos";1,6e+07;4e+06;1,2e+07;3
"213";"34000 - MINISTERIO PUBLICO DA UNIAO";"7J45 - Construção do Edifício-Sede da Procuradoria da República em Vitória-ES";"Aumentos";8500000;5e+05;8e+06;16
"214";"36000 - Ministério da Saúde";"14UO - Implantação de Centros de Desenvolvimento Tecnológico e de Produção de Insumos para o SUS";"Reduções";3500000;1,5e+07;-11500000;3,28571428571429
"215";"36000 - Ministério da Saúde";"212H - Manutenção de Contrato de Gestão com Organizações Sociais (Lei nº 9.637, de 15 de maio de 1998)";"Aumentos";35268000;1500000;33768000;22,512
"216";"36212 - Agência Nacional de Vigilância Sanitária - ANVISA";"0005 - Cumprimento de Sentença Judicial Transitada em Julgado (Precatórios)";"Aumentos";1633363;1000;1632363;1632,363
"217";"36213 - Agência Nacional de Saúde Suplementar - ANS";"0005 - Cumprimento de Sentença Judicial Transitada em Julgado (Precatórios)";"Aumentos";35698716;530878;35167838;66,244670150204
"218";"36213 - Agência Nacional de Saúde Suplementar - ANS";"00OQ - Contribuições a Organismos Internacionais sem Exigência de Programação Específica";"Aumentos";288000;157000;131000;0,834394904458599
"219";"36213 - Agência Nacional de Saúde Suplementar - ANS";"0181 - Aposentadorias e Pensões - Servidores Civis";"Aumentos";9048793;4184236;4864557;1,16259145038664
"220";"39000 - Ministério da Infraestrutura";"00QP - Cumprimento de Obrigações Decorrentes da Dissolução/Liquidação da Companhia Docas do Maranhão - CODOMAR";"Aumentos";28630991;1e+06;27630991;27,630991
"221";"39000 - Ministério da Infraestrutura";"0713 - Cumprimento de Obrigações decorrentes da extinção do Departamento Nacional de Estradas de Rodagem - DNER";"Aumentos";5e+05;190000;310000;1,63157894736842
"222";"39000 - Ministério da Infraestrutura";"10IX - Adequação de Trecho Rodoviário - Entroncamento BR-116/259/451 (Governador Valadares) - Entroncamento MG-020 - na BR-381 - no Estado de Minas Gerais";"Reduções";4100000;1,12e+08;-107900000;26,3170731707317
"223";"39000 - Ministério da Infraestrutura";"10L1 - Adequação de Trecho Rodoviário - Rondonópolis - Cuiabá - Posto Gil - na BR-163 - no Estado do Mato Grosso";"Reduções";36800000;9e+07;-53200000;1,44565217391304
"224";"39000 - Ministério da Infraestrutura";"10L3 - Adequação de Trecho Rodoviário - Caucaia - Entroncamento Acesso ao Porto de Pecém - na BR-222 - no Estado do Ceará";"Reduções";1,8e+07;3,5e+07;-1,7e+07;0,944444444444444
"225";"39000 - Ministério da Infraestrutura";"110I - Construção de Trecho Rodoviário - Altamira - Rurópolis - na BR-230 - no Estado do Pará";"Aumentos";16400000;5e+06;11400000;2,28
"226";"39000 - Ministério da Infraestrutura";"11H1 - Adequação de Ramal  Ferroviário no Estado do Rio de Janeiro";"Aumentos";24500000;12300000;12200000;0,991869918699187
"227";"39000 - Ministério da Infraestrutura";"11ZD - Construção da Ferrovia Norte-Sul - Ouroeste - Estrela D'Oeste - no Estado de São Paulo";"Reduções";1644500;4732818;-3088318;1,87796777135908
"228";"39000 - Ministério da Infraestrutura";"11ZE - Construção da Ferrovia de Integração Oeste-Leste - Ilhéus-Caetité - no Estado da Bahia";"Reduções";21440355;58411330;-36970975;1,72436393893665
"229";"39000 - Ministério da Infraestrutura";"11ZH - Construção da Ferrovia Norte-Sul - Ouro Verde de Goiás - São Simão - no Estado de Goiás";"Aumentos";4672837;2556571;2116266;0,827775172291323
"230";"39000 - Ministério da Infraestrutura";"11ZI - Construção da Ferrovia Norte-Sul - Santa Vitória - Iturama - MG";"Reduções";1469366;2860310;-1390944;0,946628682030209
"231";"39000 - Ministério da Infraestrutura";"127G - Construção de Terminais Fluviais";"Reduções";6e+06;3,3e+07;-2,7e+07;4,5
"232";"39000 - Ministério da Infraestrutura";"12JL - Adequação de Trecho Rodoviário - Cascavel - Guaíra - na BR-163 - no Estado do Paraná";"Reduções";33500000;8e+07;-46500000;1,38805970149254
"233";"39000 - Ministério da Infraestrutura";"12JP - Apoio à Construção do Rodoanel - Trecho Norte - no Estado de São Paulo";"Reduções";5e+06;6e+07;-5,5e+07;11
"234";"39000 - Ministério da Infraestrutura";"1418 - Construção de Trecho Rodoviário - Ferreira Gomes - Oiapoque (Fronteira com a Guiana Francesa) - na BR-156 - no Estado do Amapá";"Aumentos";30900000;1e+06;29900000;29,9
"235";"39000 - Ministério da Infraestrutura";"1490 - Construção de Trecho Rodoviário - Divisa MT/PA - Santarém - na BR-163 - no Estado do Pará";"Reduções";1,8e+07;7e+07;-5,2e+07;2,88888888888889
"236";"39000 - Ministério da Infraestrutura";"14KV - Apoio a Implantação de Melhoramentos no Canal de Navegação da Hidrovia do Rio Tietê";"Reduções";5123632;10650000;-5526368;1,07860361556021
"237";"39000 - Ministério da Infraestrutura";"14UB - Construção, Reforma e Reaparelhamento de Aeroportos e Aeródromos de Interesse Regional";"Reduções";32885007;155500000;-122614993;3,72859865895726
"238";"39000 - Ministério da Infraestrutura";"14X6 - Recuperação de Áreas Degradadas - Ferrovia Norte-Sul";"Reduções";2226310;17020000;-14793690;6,6449371381344
"239";"39000 - Ministério da Infraestrutura";"15P7 - Modernização e Ampliação da Infraestrutura de Tecnologia da Informação";"Reduções";20003734;35170000;-15166266;0,758171749334399
"240";"39000 - Ministério da Infraestrutura";"15RT - Adequação de Linha Férrea em Mogi Guaçu - na EF-050/SP";"Reduções";1e+06;3e+06;-2e+06;2
"241";"39000 - Ministério da Infraestrutura";"1K23 - Adequação de Trecho Rodoviário - Entroncamento BR-050 - Entroncamento BR-153 - na BR-365 - no Estado de Minas Gerais";"Reduções";8e+05;1e+07;-9200000;11,5
"242";"39000 - Ministério da Infraestrutura";"20SW - Formação e Capacitação de Profissionais da Aviação Civil";"Reduções";1500000;4e+06;-2500000;1,66666666666667
"243";"39000 - Ministério da Infraestrutura";"20YZ - Apoio ao Fortalecimento Institucional do Sistema Nacional de Trânsito";"Reduções";1350000;93914000;-92564000;68,5659259259259
"244";"39000 - Ministério da Infraestrutura";"4641 - Publicidade de Utilidade Pública";"Aumentos";18864000;6887000;11977000;1,73907361695949
"245";"39000 - Ministério da Infraestrutura";"5E15 - Construção de Trecho Rodoviário - Peixe - Paraná - Taguatinga - na BR-242 - no Estado do Tocantins";"Aumentos";13100000;5e+06;8100000;1,62
"246";"39000 - Ministério da Infraestrutura";"7242 - Construção de Trecho Rodoviário - Cantá - Novo Paraíso - na BR-432 - no Estado de Roraima";"Reduções";20400000;7e+07;-49600000;2,43137254901961
"247";"39000 - Ministério da Infraestrutura";"7E79 - Construção de Trecho Rodoviário - Uruaçu - Divisa GO/MT - na BR-080 - no Estado de Goiás";"Aumentos";12300000;5e+06;7300000;1,46
"248";"39000 - Ministério da Infraestrutura";"7F51 - Construção de Trecho Rodoviário - Divisa PI/BA - Divisa BA/SE - na BR-235 - No Estado da Bahia";"Aumentos";12300000;1e+06;11300000;11,3
"249";"39000 - Ministério da Infraestrutura";"7I71 - Construção de Contorno Rodoviário - no Município de Jataí - na BR-060 - no Estado de Goiás";"Aumentos";22900000;1e+07;12900000;1,29
"250";"39000 - Ministério da Infraestrutura";"7K23 - Construção de Trecho Rodoviário - Porto Camargo - Campo Mourão - na BR-487 - no Estado do Paraná";"Reduções";14700000;3e+07;-15300000;1,04081632653061
"251";"39000 - Ministério da Infraestrutura";"7M88 - Adequação de Trecho Rodoviário - Entroncamento PE-160 - Entroncamento PE-149 (Km 19,8 ao 71,2) - na BR-104 - no Estado de Pernambuco";"Reduções";1600000;3e+07;-28400000;17,75
"252";"39000 - Ministério da Infraestrutura";"7N22 - Construção de Trecho Rodoviário -  Divisa BA/PI - Divisa PI/MA - na BR-235 - No Estado do Piauí";"Reduções";16400000;3e+07;-13600000;0,829268292682927
"253";"39000 - Ministério da Infraestrutura";"7S51 - Construção de Contorno Rodoviário - Contorno de Mestre Álvaro - no Município de Serra - na BR-101 - no Estado do Espírito Santo";"Aumentos";32700000;1e+06;31700000;31,7
"254";"39000 - Ministério da Infraestrutura";"7S57 - Construção de Trecho Rodoviário - Entronc. BR-163 (Rio Verde Mato Grosso) - Entr. BR-262 (Aquidauana) - Na BR-419 - No Estado do Mato Grosso do Sul";"Aumentos";27900000;1,5e+07;12900000;0,86
"255";"39000 - Ministério da Infraestrutura";"7S62 - Construção de Trecho Rodoviário -  Viseu - Bragança - na BR-308 - No Estado do Pará";"Aumentos";12300000;1500000;10800000;7,2
"256";"39000 - Ministério da Infraestrutura";"7S75 - Adequação de Trecho Rodoviário - Entroncamento BR-226 - Entroncamento BR-101 (Reta Tabajara) - na BR-304 - no Estado do Rio Grande do Norte";"Reduções";1,8e+07;3,5e+07;-1,7e+07;0,944444444444444
"257";"39000 - Ministério da Infraestrutura";"7T98 - Adequação de Trecho Rodoviário - km 0 (Cabedelo) - km 28 (Oitizeiro) - na BR-230 - no Estado da Paraíba";"Aumentos";24500000;1500000;2,3e+07;15,3333333333333
"258";"39000 - Ministério da Infraestrutura";"7U22 - Adequação de Trecho Rodoviário - Entroncamento - BR - 277 (acesso Cascavel) - Marmelândia - na BR - 163 - no Estado do Paraná";"Reduções";34400000;8e+07;-45600000;1,32558139534884
"259";"39000 - Ministério da Infraestrutura";"7V00 - Construção de Trecho Rodoviário - Entroncamento BR-316 (Início do contorno de Timon) - Povoado Montividel - na BR-226/MA";"Aumentos";23500000;1500000;2,2e+07;14,6666666666667
"260";"39000 - Ministério da Infraestrutura";"7W67 - Construção do Viaduto do Gancho nos Municípios de Natal e São Gonçalo do Amarante - na BR-406/RN";"Aumentos";16400000;5e+06;11400000;2,28
"261";"39000 - Ministério da Infraestrutura";"7W84 - Adequação de Trecho Rodoviário - Trecho Estiva - Entroncamento BR-222 (Miranda do Norte) na BR-135/MA";"Aumentos";15100000;1500000;13600000;9,06666666666667
"262";"39250 - Agência Nacional de Transportes Terrestres - ANTT";"0005 - Cumprimento de Sentença Judicial Transitada em Julgado (Precatórios)";"Aumentos";304123;2436;301687;123,845238095238
"263";"39250 - Agência Nacional de Transportes Terrestres - ANTT";"0Z00 - Reserva de Contingência - Financeira";"Aumentos";636984829;204756918;432227911;2,11093190511883
"264";"39250 - Agência Nacional de Transportes Terrestres - ANTT";"20UC - Estudos, Projetos e Planejamento de Infraestrutura de Transportes";"Reduções";342865;3849674;-3506809;10,2279585259504
"265";"39250 - Agência Nacional de Transportes Terrestres - ANTT";"218S - Apoio ao Planejamento, Gerenciamento e Acompanhamento da Implementação de Empreendimentos de Infraestrutura";"Reduções";29543123;52502364;-22959241;0,777143330446141
"266";"39250 - Agência Nacional de Transportes Terrestres - ANTT";"2907 - Fiscalização da Concessão de Rodovias";"Reduções";15152705;50171449;-35018744;2,31105561680241
"267";"39251 - Agência Nacional de Transportes Aquaviários - ANTAQ";"0Z00 - Reserva de Contingência - Financeira";"Reduções";40979443;125992693;-85013250;2,07453405357413
"268";"39251 - Agência Nacional de Transportes Aquaviários - ANTAQ";"20UC - Estudos, Projetos e Planejamento de Infraestrutura de Transportes";"Reduções";1e+06;2e+06;-1e+06;1
"269";"41231 - Agência Nacional de Telecomunicações - ANATEL";"0005 - Cumprimento de Sentença Judicial Transitada em Julgado (Precatórios)";"Aumentos";1925089;1000;1924089;1924,089
"270";"41231 - Agência Nacional de Telecomunicações - ANATEL";"0Z00 - Reserva de Contingência - Financeira";"Reduções";6237813;763818285;-757580472;121,449692704799
"271";"44000 - Ministério do Meio Ambiente";"20W2 - Enfrentamento dos Processos de Desertificação, Mitigação dos Efeitos da Seca e Convivência com a Semiaridez";"Reduções";30000;130000;-1e+05;3,33333333333333
"272";"44000 - Ministério do Meio Ambiente";"20W8 - Implementação da Agenda Ambiental na Administração Pública - A3P";"Reduções";10000;64000;-54000;5,4
"273";"44000 - Ministério do Meio Ambiente";"20WN - Execução de Pesquisa e Conservação de Espécies e do Patrimônio Espeleológico";"Reduções";3e+06;12960000;-9960000;3,32
"274";"44000 - Ministério do Meio Ambiente";"212H - Manutenção de Contrato de Gestão com Organizações Sociais (Lei nº 9.637, de 15 de maio de 1998)";"Reduções";1e+05;9e+05;-8e+05;8
"275";"44000 - Ministério do Meio Ambiente";"21A8 - Formulação e Implementação de Estratégias para Promover a Conservação, a Recuperação e o Uso Sustentável da Biodiversidade, da Vegetação Nativa e do Patrimônio Genético";"Aumentos";1e+06;520000;480000;0,923076923076923
"276";"52000 - Ministério da Defesa";"0625 - Cumprimento de Sentença Judicial Transitada em Julgado de Pequeno Valor";"Aumentos";25000;1000;24000;24
"277";"52000 - Ministério da Defesa";"0Z00 - Reserva de Contingência - Financeira";"Reduções";1288692285;5099758293;-3811066008;2,95731265901076
"278";"52000 - Ministério da Defesa";"123B - Desenvolvimento de Cargueiro Tático Militar de 10 A 20 Toneladas (Projeto KC-X)";"Aumentos";4e+08;166430000;233570000;1,40341284624166
"279";"52000 - Ministério da Defesa";"123H - Construção de Submarino de Propulsão Nuclear";"Aumentos";646847535;327612997;319234538;0,974425742944502
"280";"52000 - Ministério da Defesa";"147F - Implantação de Sistema de Defesa Cibernética para a Defesa Nacional";"Aumentos";75778023;26140581;49637442;1,89886529300936
"281";"52000 - Ministério da Defesa";"14T7 - Tecnologia Nuclear da Marinha";"Aumentos";299999999;142999998;157000001;1,09790212025038
"282";"52000 - Ministério da Defesa";"14XJ - Aquisição de Cargueiro Tático Militar de 10 a 20 Toneladas";"Reduções";226966301;622200000;-395233699;1,74137613054724
"283";"52000 - Ministério da Defesa";"15F1 - Disponibilização de Próprios Nacionais Residenciais para os Comandos Militares";"Aumentos";36999928;17700000;19299928;1,09039141242938
"284";"52000 - Ministério da Defesa";"15KP - Implantação da Medicina Operativa Conjunta nas Forças Armadas";"Reduções";98398;245000;-146602;1,48988800585378
"285";"52000 - Ministério da Defesa";"1N47 - Construção de Navios-Patrulha de 500 toneladas (NPa 500t)";"Reduções";7999891;3e+07;-22000109;2,75005109444616
"286";"52000 - Ministério da Defesa";"1N56 - Desenvolvimento de Míssil Nacional Antinavio";"Reduções";11909180;2,5e+07;-13090820;1,09922093712581
"287";"52000 - Ministério da Defesa";"20X1 - Participação Brasileira em Missões de Paz";"Reduções";24713090;81699988;-56986898;2,30593980760803
"288";"52000 - Ministério da Defesa";"20X7 - Emprego Conjunto ou Combinado das Forças Armadas";"Aumentos";100304621;36168725;64135896;1,77324182702044
"289";"52000 - Ministério da Defesa";"20XL - Saúde em Operações Militares";"Reduções";594444;2848787;-2254343;3,79235554568639
"290";"52000 - Ministério da Defesa";"212H - Manutenção de Contrato de Gestão com Organizações Sociais (Lei nº 9.637, de 15 de maio de 1998)";"Aumentos";5443810;809500;4634310;5,72490426189006
"291";"52000 - Ministério da Defesa";"217W - Operação de Sistemas Espaciais de Observação da Terra";"Reduções";1999948;5e+06;-3000052;1,50006500169004
"292";"52000 - Ministério da Defesa";"218X - Operações de Garantia da Lei e da Ordem";"Reduções";1e+06;1e+07;-9e+06;9
"293";"52000 - Ministério da Defesa";"219D - Adequação de Organizações Militares";"Reduções";104125554;203507129;-99381575;0,954439819835196
"294";"52000 - Ministério da Defesa";"21BI - Difusão do Conhecimento sobre Defesa Nacional à Sociedade Brasileira e Interação do Ensino Civil e Militar";"Aumentos";1315964;505000;810964;1,60586930693069
"295";"52000 - Ministério da Defesa";"21BJ - Desenvolvimento do Desporto e do Paradesporto Nacional e Militar";"Reduções";2704920;6100000;-3395080;1,25514987504252
"296";"52000 - Ministério da Defesa";"21BY - Fiscalização da Navegação Aquaviária";"Aumentos";16845815;6858000;9987815;1,45637430737824
"297";"52000 - Ministério da Defesa";"2345 - Apoio Logístico à Pesquisa Científica na Antártica";"Reduções";3589907;7589500;-3999593;1,11412161930657
"298";"52000 - Ministério da Defesa";"2522 - Produção de Fármacos, Medicamentos e Fitoterápicos";"Reduções";453222;1989514;-1536292;3,38971188512473
"299";"52000 - Ministério da Defesa";"3138 - Implantação do Sistema de Aviação do Exército";"Aumentos";190499988;73977057;116522931;1,57512255455093
"300";"52000 - Ministério da Defesa";"8425 - Apoio ao Projeto Rondon";"Aumentos";2208939;1126500;1082439;0,960886817576565
"301";"53000 - Ministério do Desenvolvimento Regional";"00CX - Subvenção Econômica Destinada a Implementação de Projetos de Interesse Social em Áreas Rurais (Lei nº 11.977, DE 2009)";"Reduções";107607297;331849024;-224241727;2,08388959904829
"302";"53000 - Ministério do Desenvolvimento Regional";"00OQ - Contribuições a Organismos Internacionais sem Exigência de Programação Específica";"Reduções";10752;37000;-26248;2,44122023809524
"303";"53000 - Ministério do Desenvolvimento Regional";"00QY - Acordos referentes a passivos atuariais de estatais dependentes";"Aumentos";2000;1000;1000;1
"304";"53000 - Ministério do Desenvolvimento Regional";"109H - CONSTRUÇÃO DE BARRAGENS";"Reduções";2e+07;48500000;-28500000;1,425
"305";"53000 - Ministério do Desenvolvimento Regional";"10CT - Construção da Adutora do Canal do Sertão Alagoano - Delmiro Gouveia - AL";"Reduções";3385000;67640000;-64255000;18,9822747415066
"306";"53000 - Ministério do Desenvolvimento Regional";"10GM - Estudos e Projetos de Infra-estrutura Hídrica";"Aumentos";3386390;1e+06;2386390;2,38639
"307";"53000 - Ministério do Desenvolvimento Regional";"10SC - Apoio à Implantação, Ampliação ou Melhorias em Sistemas de Abastecimento de Água em Municípios com População Superior a 50 mil Habitantes ou Municípios Integrantes de Regiões Metropolitanas ou de Regiões Integradas de Desenvolvimento";"Reduções";39538419;69591013;-30052594;0,760085880014575
"308";"53000 - Ministério do Desenvolvimento Regional";"10ST - Apoio a Projetos de Sistemas de Circulação Não-Motorizados";"Reduções";564654;1e+06;-435346;0,770996043594839
"309";"53000 - Ministério do Desenvolvimento Regional";"10T2 - Apoio a Projetos de Acessibilidade para Pessoas com Restrição de Mobilidade e Deficiência";"Aumentos";26700000;3300000;23400000;7,09090909090909
"310";"53000 - Ministério do Desenvolvimento Regional";"10ZW - Recuperação e Controle de Processos Erosivos em Bacias Hidrográficas na Área de Atuação da Codevasf";"Aumentos";17506696;7771709;9734987;1,25261856819395
"311";"53000 - Ministério do Desenvolvimento Regional";"12G6 - Recuperação de Reservatórios Estratégicos para a Integração do Rio São Francisco";"Reduções";1,4e+07;3e+07;-1,6e+07;1,14285714285714
"312";"53000 - Ministério do Desenvolvimento Regional";"14RL - Realização de Estudos, Projetos e Obras para Contenção ou Amortecimento de Cheias e Inundações e para Contenção de Erosões Marinhas e Fluviais";"Reduções";3390000;63500000;-60110000;17,7315634218289
"313";"53000 - Ministério do Desenvolvimento Regional";"14RP - Reabilitação de Barragens e de Outras Infraestruturas Hídricas";"Reduções";32390000;82150000;-49760000;1,53627662858907
"314";"53000 - Ministério do Desenvolvimento Regional";"14UX - Ampliação e Modernização do Centro Nacional de Gerenciamento de Riscos e Desastres - CENAD";"Reduções";2519027;5548132;-3029105;1,20249008843494
"315";"53000 - Ministério do Desenvolvimento Regional";"14XU - Estudos e Projetos para Implantação de Projetos de Irrigação";"Reduções";2500000;15825000;-13325000;5,33
"316";"53000 - Ministério do Desenvolvimento Regional";"15UE - Planos de Mobilidade Urbana Locais";"Reduções";564654;1e+06;-435346;0,770996043594839
"317";"53000 - Ministério do Desenvolvimento Regional";"1P95 - Apoio à Elaboração de Planos e Projetos de Saneamento em Municípios com População Superior a 50 mil Habitantes ou Integrantes de Regiões Metropolitanas ou de Regiões Integradas de Desenvolvimento";"Aumentos";11191457;3931028;7260429;1,84695428269654
"318";"53000 - Ministério do Desenvolvimento Regional";"20NV - Apoio à Implementação de Ações de Desenvolvimento do Setor Águas";"Reduções";5e+05;3e+06;-2500000;5
"319";"53000 - Ministério do Desenvolvimento Regional";"20VR - Conservação e Recuperação de Bacias Hidrográficas";"Aumentos";1,6e+07;7e+06;9e+06;1,28571428571429
"320";"53000 - Ministério do Desenvolvimento Regional";"20Z9 - Apoio à Competitividade e à Modernização da Construção Civil com Sustentabilidade Ambiental";"Aumentos";1e+06;250000;750000;3
"321";"53000 - Ministério do Desenvolvimento Regional";"214S - Estruturação e Dinamização de Atividades Produtivas";"Aumentos";23991531;12355000;11636531;0,941847915823553
"322";"53000 - Ministério do Desenvolvimento Regional";"219H - Operação e Manutenção da Barragem e da Eclusa do Canal São Gonçalo em Capão do Leão";"Reduções";2e+05;1e+06;-8e+05;4
"323";"53000 - Ministério do Desenvolvimento Regional";"2869 - Operação das Linhas de Navegação no Lago de Três Marias";"Reduções";8e+05;1500000;-7e+05;0,875
"324";"53000 - Ministério do Desenvolvimento Regional";"4542 - Fomento a Projetos de Transformação da Biodiversidade Amazônica";"Reduções";850000;1500000;-650000;0,764705882352941
"325";"53000 - Ministério do Desenvolvimento Regional";"5260 - Implantação do Perímetro de Irrigação Pontal com 7.811,9 ha no Estado de Pernambuco";"Reduções";1e+06;1,3e+07;-1,2e+07;12
"326";"53000 - Ministério do Desenvolvimento Regional";"5900 - Integração do Rio São Francisco com as Bacias dos Rios Jaguaribe, Piranhas-Açu e Apodi (Eixo Norte)";"Aumentos";486959999;2e+08;286959999;1,434799995
"327";"53000 - Ministério do Desenvolvimento Regional";"7G88 - Construção da Barragem Atalaia no Estado do Piauí";"Reduções";1e+06;2100000;-1100000;1,1
"328";"53000 - Ministério do Desenvolvimento Regional";"7K66 - Apoio a Projetos de Desenvolvimento Sustentável Local Integrado";"Reduções";8520157;1,7e+07;-8479843;0,995268397049491
"329";"53000 - Ministério do Desenvolvimento Regional";"8172 - Coordenação e Fortalecimento do Sistema Nacional de Defesa Civil";"Reduções";1900000;3500000;-1600000;0,842105263157895
"330";"53000 - Ministério do Desenvolvimento Regional";"8340 - Desenvolvimento da Rede Regional de Inovação";"Reduções";1072735;2200000;-1127265;1,05083268467981
"331";"53000 - Ministério do Desenvolvimento Regional";"8348 - Apoio a Obras Emergenciais de Mitigação para Redução de Desastres";"Aumentos";32830837;1e+07;22830837;2,2830837
"332";"53000 - Ministério do Desenvolvimento Regional";"8865 - Apoio à Execução de Projetos e Obras de Contenção de Encostas em Áreas Urbanas";"Reduções";31209058;60951868;-29742810;0,953018511484711
"333";"53210 - Agência Nacional de Águas - ANA";"2000 - Administração da Unidade";"Reduções";14771755;34430596;-19658841;1,33083990358627
"334";"54000 - Ministério do Turismo";"0005 - Cumprimento de Sentença Judicial Transitada em Julgado (Precatórios)";"Aumentos";7966849;1165226;6801623;5,83717064329152
"335";"54000 - Ministério do Turismo";"00OQ - Contribuições a Organismos Internacionais sem Exigência de Programação Específica";"Aumentos";789844;337851;451993;1,33784715747474
"336";"54000 - Ministério do Turismo";"10V0 - Apoio a Projetos de Infra-Estrutura Turística";"Aumentos";20999999;5283349;15716650;2,97475143133645
"337";"54000 - Ministério do Turismo";"14TJ - Participação da União na Implantação do Programa de Desenvolvimento do Turismo – Prodetur";"Reduções";5e+06;9740321;-4740321;0,9480642
"338";"54000 - Ministério do Turismo";"14U2 - Implantação, Instalação e Modernização de Espaços e Equipamentos Culturais";"Aumentos";15017035;8087000;6930035;0,856935204649437
"339";"54000 - Ministério do Turismo";"15P0 - Apoio para Pavimentação e Urbanização da Estrada Parque Rota Ecológica - Trecho de 23,5 km da Rodovia AL-101";"Reduções";2238869;4566094;-2327225;1,03946456894084
"340";"54000 - Ministério do Turismo";"15P1 - Apoio à Construção da Segunda Etapa do Galpão Fábrica do Samba";"Reduções";2254030;4806415;-2552385;1,13236514154647
"341";"54000 - Ministério do Turismo";"15P2 - Apoio para Implantação e Pavimentação do trecho da Rota Caminhos do Imperador/AL - 1ª Etapa - Rodovia Al-230 - entroncamento Al -110 até o entroncamento da BR-101";"Reduções";1019713;5407217;-4387504;4,30268516729707
"342";"54000 - Ministério do Turismo";"20KH - Ações Integradas de Cultura e Educação";"Reduções";1799999;4242303;-2442304;1,35683630935351
"343";"54000 - Ministério do Turismo";"2C01 - Estudos e Pesquisas das Oportunidades de Investimentos no Âmbito do Ativo Turístico Brasileiro";"Aumentos";3999999;579025;3420974;5,90816285998014
"344";"54000 - Ministério do Turismo";"7XB6 - Apoio para Requalificação da Orla do Rio Branco/Bacia do Caxangá";"Reduções";3808443;8411227;-4602784;1,2085736874623
"345";"54207 - Agência Nacional do Cinema - ANCINE";"00S0 - Contribuição ao Programa Ibermedia";"Reduções";999999;2500000;-1500001;1,5000025000025
"346";"54207 - Agência Nacional do Cinema - ANCINE";"0181 - Aposentadorias e Pensões - Servidores Civis";"Aumentos";2086500;965099;1121401;1,16195436944811
"347";"55000 - Ministério da Cidadania";"09HW - Concessão de Bolsa a Atletas";"Aumentos";145200000;7e+07;75200000;1,07428571428571
"348";"55000 - Ministério da Cidadania";"0Z00 - Reserva de Contingência - Financeira";"Reduções";83723403;184004478;-100281075;1,19776635213932
"349";"55000 - Ministério da Cidadania";"14TP - Implantação de Infraestrutura Esportiva de Alto Rendimento";"Aumentos";16340000;9e+06;7340000;0,815555555555556
"350";"55000 - Ministério da Cidadania";"20TR - Apoio à Manutenção da Educação Infantil";"Reduções";3e+06;7320000;-4320000;1,44
"351";"55000 - Ministério da Cidadania";"216H - Ajuda de Custo para Moradia ou Auxílio-Moradia a Agentes Públicos";"Reduções";1350000;2945759;-1595759;1,1820437037037
"352";"55000 - Ministério da Cidadania";"2792 - Distribuição de Alimentos a Grupos Populacionais Específicos";"Aumentos";18384101;6e+06;12384101;2,06401683333333
"353";"55000 - Ministério da Cidadania";"4572 - Capacitação de Servidores Públicos Federais em Processo de Qualificação e Requalificação";"Reduções";6e+05;2219123;-1619123;2,69853833333333
"354";"55000 - Ministério da Cidadania";"4641 - Publicidade de Utilidade Pública";"Aumentos";46707897;2,2e+07;24707897;1,12308622727273
"355";"55000 - Ministério da Cidadania";"6414 - Sistema Nacional para Identificação e Seleção de Público-Alvo para os Programas de Transferência de Renda - Cadastro Único";"Aumentos";21038965;9929029;11109936;1,11893479211311
"356";"55000 - Ministério da Cidadania";"8458 - Apoio à Agricultura Urbana";"Aumentos";5e+05;1e+05;4e+05;4
"357";"55000 - Ministério da Cidadania";"8893 - Apoio à Organização e Gestão do Sistema Único de Assistência Social - SUAS";"Aumentos";67958520;20882000;47076520;2,25440666602816
"358";"81000 - Ministério da Mulher, da Família e dos Direitos Humanos";"0536 - Benefícios de Legislação Especial";"Reduções";80847;224406;-143559;1,77568740955137
"359";"81000 - Ministério da Mulher, da Família e dos Direitos Humanos";"14UF - Construção, Reforma, Equipagem e Ampliação de Unidades de Atendimento Especializado a Crianças e Adolescentes";"Aumentos";1590233;450000;1140233;2,53385111111111
"360";"81000 - Ministério da Mulher, da Família e dos Direitos Humanos";"14XS - Construção da Casa da Mulher Brasileira";"Reduções";1091716;2e+06;-908284;0,831978280065512
